Name,Status,OS Version,IP Address,MAC Address
WORKSTATION1,Online,Windows 10,10.0.0.1,00:00:00:00:0001
WORKSTATION2,Offline,Windows 10,10.0.0.2,00:00:00:00:0002
WORKSTATION3,Online,Windows 10,10.0.0.3,00:00:00:00:0003
WORKSTATION4,Offline,Windows 10,10.0.0.4,00:00:00:00:0004
WORKSTATION5,Online,Windows 10,10.0.0.5,00:00:00:00:0005
WORKSTATION6,Offline,Windows 10,10.0.0.6,00:00:00:00:0006
WORKSTATION7,Online,Windows 10,10.0.0.7,00:00:00:00:0007
WORKSTATION8,Offline,Windows 10,10.0.0.8,00:00:00:00:0008
WORKSTATION9,Online,Windows 10,10.0.0.9,00:00:00:00:0009
WORKSTATION10,Offline,Windows 10,10.0.0.10,00:00:00:00:0010
WORKSTATION11,Online,Windows 10,10.0.0.11,00:00:00:00:0011
WORKSTATION12,Offline,Windows 10,10.0.0.12,00:00:00:00:0012
WORKSTATION13,Online,Windows 10,10.0.0.13,00:00:00:00:0013
WORKSTATION14,Offline,Windows 10,10.0.0.14,00:00:00:00:0014
WORKSTATION15,Online,Windows 10,10.0.0.15,00:00:00:00:0015
WORKSTATION16,Offline,Windows 10,10.0.0.16,00:00:00:00:0016
WORKSTATION17,Online,Windows 10,10.0.0.17,00:00:00:00:0017
WORKSTATION18,Offline,Windows 10,10.0.0.18,00:00:00:00:0018
WORKSTATION19,Online,Windows 10,10.0.0.19,00:00:00:00:0019
WORKSTATION20,Offline,Windows 10,10.0.0.20,00:00:00:00:0020
WORKSTATION21,Online,Windows 10,10.0.0.21,00:00:00:00:0021
WORKSTATION22,Offline,Windows 10,10.0.0.22,00:00:00:00:0022
WORKSTATION23,Online,Windows 10,10.0.0.23,00:00:00:00:0023
WORKSTATION24,Offline,Windows 10,10.0.0.24,00:00:00:00:0024
WORKSTATION25,Online,Windows 10,10.0.0.25,00:00:00:00:0025
WORKSTATION26,Offline,Windows 10,10.0.0.26,00:00:00:00:0026
WORKSTATION27,Online,Windows 10,10.0.0.27,00:00:00:00:0027
WORKSTATION28,Offline,Windows 10,10.0.0.28,00:00:00:00:0028
WORKSTATION29,Online,Windows 10,10.0.0.29,00:00:00:00:0029
WORKSTATION30,Offline,Windows 10,10.0.0.30,00:00:00:00:0030
WORKSTATION31,Online,Windows 10,10.0.0.31,00:00:00:00:0031
WORKSTATION32,Offline,Windows 10,10.0.0.32,00:00:00:00:0032
WORKSTATION33,Online,Windows 10,10.0.0.33,00:00:00:00:0033
WORKSTATION34,Offline,Windows 10,10.0.0.34,00:00:00:00:0034
WORKSTATION35,Online,Windows 10,10.0.0.35,00:00:00:00:0035
WORKSTATION36,Offline,Windows 10,10.0.0.36,00:00:00:00:0036
WORKSTATION37,Online,Windows 10,10.0.0.37,00:00:00:00:0037
WORKSTATION38,Offline,Windows 10,10.0.0.38,00:00:00:00:0038
WORKSTATION39,Online,Windows 10,10.0.0.39,00:00:00:00:0039
WORKSTATION40,Offline,Windows 10,10.0.0.40,00:00:00:00:0040
WORKSTATION41,Online,Windows 10,10.0.0.41,00:00:00:00:0041
WORKSTATION42,Offline,Windows 10,10.0.0.42,00:00:00:00:0042
WORKSTATION43,Online,Windows 10,10.0.0.43,00:00:00:00:0043
WORKSTATION44,Offline,Windows 10,10.0.0.44,00:00:00:00:0044
WORKSTATION45,Online,Windows 10,10.0.0.45,00:00:00:00:0045
WORKSTATION46,Offline,Windows 10,10.0.0.46,00:00:00:00:0046
WORKSTATION47,Online,Windows 10,10.0.0.47,00:00:00:00:0047
WORKSTATION48,Offline,Windows 10,10.0.0.48,00:00:00:00:0048
WORKSTATION49,Online,Windows 10,10.0.0.49,00:00:00:00:0049
WORKSTATION50,Offline,Windows 10,10.0.0.50,00:00:00:00:0050
WORKSTATION51,Online,Windows 10,10.0.0.51,00:00:00:00:0051
WORKSTATION52,Offline,Windows 10,10.0.0.52,00:00:00:00:0052
WORKSTATION53,Online,Windows 10,10.0.0.53,00:00:00:00:0053
WORKSTATION54,Offline,Windows 10,10.0.0.54,00:00:00:00:0054
WORKSTATION55,Online,Windows 10,10.0.0.55,00:00:00:00:0055
WORKSTATION56,Offline,Windows 10,10.0.0.56,00:00:00:00:0056
WORKSTATION57,Online,Windows 10,10.0.0.57,00:00:00:00:0057
WORKSTATION58,Offline,Windows 10,10.0.0.58,00:00:00:00:0058
WORKSTATION59,Online,Windows 10,10.0.0.59,00:00:00:00:0059
WORKSTATION60,Offline,Windows 10,10.0.0.60,00:00:00:00:0060
WORKSTATION61,Online,Windows 10,10.0.0.61,00:00:00:00:0061
WORKSTATION62,Offline,Windows 10,10.0.0.62,00:00:00:00:0062
WORKSTATION63,Online,Windows 10,10.0.0.63,00:00:00:00:0063
WORKSTATION64,Offline,Windows 10,10.0.0.64,00:00:00:00:0064
WORKSTATION65,Online,Windows 10,10.0.0.65,00:00:00:00:0065
WORKSTATION66,Offline,Windows 10,10.0.0.66,00:00:00:00:0066
WORKSTATION67,Online,Windows 10,10.0.0.67,00:00:00:00:0067
WORKSTATION68,Offline,Windows 10,10.0.0.68,00:00:00:00:0068
WORKSTATION69,Online,Windows 10,10.0.0.69,00:00:00:00:0069
WORKSTATION70,Offline,Windows 10,10.0.0.70,00:00:00:00:0070
WORKSTATION71,Online,Windows 10,10.0.0.71,00:00:00:00:0071
WORKSTATION72,Offline,Windows 10,10.0.0.72,00:00:00:00:0072
WORKSTATION73,Online,Windows 10,10.0.0.73,00:00:00:00:0073
WORKSTATION74,Offline,Windows 10,10.0.0.74,00:00:00:00:0074
WORKSTATION75,Online,Windows 10,10.0.0.75,00:00:00:00:0075
WORKSTATION76,Offline,Windows 10,10.0.0.76,00:00:00:00:0076
WORKSTATION77,Online,Windows 10,10.0.0.77,00:00:00:00:0077
WORKSTATION78,Offline,Windows 10,10.0.0.78,00:00:00:00:0078
WORKSTATION79,Online,Windows 10,10.0.0.79,00:00:00:00:0079
WORKSTATION80,Offline,Windows 10,10.0.0.80,00:00:00:00:0080
WORKSTATION81,Online,Windows 10,10.0.0.81,00:00:00:00:0081
WORKSTATION82,Offline,Windows 10,10.0.0.82,00:00:00:00:0082
WORKSTATION83,Online,Windows 10,10.0.0.83,00:00:00:00:0083
WORKSTATION84,Offline,Windows 10,10.0.0.84,00:00:00:00:0084
WORKSTATION85,Online,Windows 10,10.0.0.85,00:00:00:00:0085
WORKSTATION86,Offline,Windows 10,10.0.0.86,00:00:00:00:0086
WORKSTATION87,Online,Windows 10,10.0.0.87,00:00:00:00:0087
WORKSTATION88,Offline,Windows 10,10.0.0.88,00:00:00:00:0088
WORKSTATION89,Online,Windows 10,10.0.0.89,00:00:00:00:0089
WORKSTATION90,Offline,Windows 10,10.0.0.90,00:00:00:00:0090
WORKSTATION91,Online,Windows 10,10.0.0.91,00:00:00:00:0091
WORKSTATION92,Offline,Windows 10,10.0.0.92,00:00:00:00:0092
WORKSTATION93,Online,Windows 10,10.0.0.93,00:00:00:00:0093
WORKSTATION94,Offline,Windows 10,10.0.0.94,00:00:00:00:0094
WORKSTATION95,Online,Windows 10,10.0.0.95,00:00:00:00:0095
WORKSTATION96,Offline,Windows 10,10.0.0.96,00:00:00:00:0096
WORKSTATION97,Online,Windows 10,10.0.0.97,00:00:00:00:0097
WORKSTATION98,Offline,Windows 10,10.0.0.98,00:00:00:00:0098
WORKSTATION99,Online,Windows 10,10.0.0.99,00:00:00:00:0099
WORKSTATION100,Offline,Windows 7,10.0.0.100,00:00:00:00:0100
WORKSTATION101,Online,Windows 7,10.0.0.101,00:00:00:00:0101
WORKSTATION102,Offline,Windows 7,10.0.0.102,00:00:00:00:0102
WORKSTATION103,Online,Windows 7,10.0.0.103,00:00:00:00:0103
WORKSTATION104,Offline,Windows 7,10.0.0.104,00:00:00:00:0104
WORKSTATION105,Online,Windows 7,10.0.0.105,00:00:00:00:0105
WORKSTATION106,Offline,Windows 7,10.0.0.106,00:00:00:00:0106
WORKSTATION107,Online,Windows 7,10.0.0.107,00:00:00:00:0107
WORKSTATION108,Offline,Windows 7,10.0.0.108,00:00:00:00:0108
WORKSTATION109,Online,Windows 7,10.0.0.109,00:00:00:00:0109
WORKSTATION110,Offline,Windows 7,10.0.0.110,00:00:00:00:0110
WORKSTATION111,Online,Windows 7,10.0.0.111,00:00:00:00:0111
WORKSTATION112,Offline,Windows 7,10.0.0.112,00:00:00:00:0112
WORKSTATION113,Online,Windows 7,10.0.0.113,00:00:00:00:0113
WORKSTATION114,Offline,Windows 7,10.0.0.114,00:00:00:00:0114
WORKSTATION115,Online,Windows 7,10.0.0.115,00:00:00:00:0115
WORKSTATION116,Offline,Windows 7,10.0.0.116,00:00:00:00:0116
WORKSTATION117,Online,Windows 7,10.0.0.117,00:00:00:00:0117
WORKSTATION118,Offline,Windows 7,10.0.0.118,00:00:00:00:0118
WORKSTATION119,Online,Windows 7,10.0.0.119,00:00:00:00:0119
WORKSTATION120,Offline,Windows 7,10.0.0.120,00:00:00:00:0120
WORKSTATION121,Online,Windows 7,10.0.0.121,00:00:00:00:0121
WORKSTATION122,Offline,Windows 7,10.0.0.122,00:00:00:00:0122
WORKSTATION123,Online,Windows 7,10.0.0.123,00:00:00:00:0123
WORKSTATION124,Offline,Windows 7,10.0.0.124,00:00:00:00:0124
WORKSTATION125,Online,Windows 7,10.0.0.125,00:00:00:00:0125
WORKSTATION126,Offline,Windows 7,10.0.0.126,00:00:00:00:0126
WORKSTATION127,Online,Windows 7,10.0.0.127,00:00:00:00:0127
WORKSTATION128,Offline,Windows 7,10.0.0.128,00:00:00:00:0128
WORKSTATION129,Online,Windows 7,10.0.0.129,00:00:00:00:0129
WORKSTATION130,Offline,Windows 7,10.0.0.130,00:00:00:00:0130
WORKSTATION131,Online,Windows 7,10.0.0.131,00:00:00:00:0131
WORKSTATION132,Offline,Windows 7,10.0.0.132,00:00:00:00:0132
WORKSTATION133,Online,Windows 7,10.0.0.133,00:00:00:00:0133
WORKSTATION134,Offline,Windows 7,10.0.0.134,00:00:00:00:0134
WORKSTATION135,Online,Windows 7,10.0.0.135,00:00:00:00:0135
WORKSTATION136,Offline,Windows 7,10.0.0.136,00:00:00:00:0136
WORKSTATION137,Online,Windows 7,10.0.0.137,00:00:00:00:0137
WORKSTATION138,Offline,Windows 7,10.0.0.138,00:00:00:00:0138
WORKSTATION139,Online,Windows 7,10.0.0.139,00:00:00:00:0139
WORKSTATION140,Offline,Windows 7,10.0.0.140,00:00:00:00:0140
WORKSTATION141,Online,Windows 7,10.0.0.141,00:00:00:00:0141
WORKSTATION142,Offline,Windows 7,10.0.0.142,00:00:00:00:0142
WORKSTATION143,Online,Windows 7,10.0.0.143,00:00:00:00:0143
WORKSTATION144,Offline,Windows 7,10.0.0.144,00:00:00:00:0144
WORKSTATION145,Online,Windows 7,10.0.0.145,00:00:00:00:0145
WORKSTATION146,Offline,Windows 7,10.0.0.146,00:00:00:00:0146
WORKSTATION147,Online,Windows 7,10.0.0.147,00:00:00:00:0147
WORKSTATION148,Offline,Windows 7,10.0.0.148,00:00:00:00:0148
WORKSTATION149,Online,Windows 7,10.0.0.149,00:00:00:00:0149
WORKSTATION150,Offline,Windows 7,10.0.0.150,00:00:00:00:0150
WORKSTATION151,Online,Windows 7,10.0.0.151,00:00:00:00:0151
WORKSTATION152,Offline,Windows 7,10.0.0.152,00:00:00:00:0152
WORKSTATION153,Online,Windows 7,10.0.0.153,00:00:00:00:0153
WORKSTATION154,Offline,Windows 7,10.0.0.154,00:00:00:00:0154
WORKSTATION155,Online,Windows 7,10.0.0.155,00:00:00:00:0155
WORKSTATION156,Offline,Windows 7,10.0.0.156,00:00:00:00:0156
WORKSTATION157,Online,Windows 7,10.0.0.157,00:00:00:00:0157
WORKSTATION158,Offline,Windows 7,10.0.0.158,00:00:00:00:0158
WORKSTATION159,Online,Windows 7,10.0.0.159,00:00:00:00:0159
WORKSTATION160,Offline,Windows 7,10.0.0.160,00:00:00:00:0160
WORKSTATION161,Online,Windows 7,10.0.0.161,00:00:00:00:0161
WORKSTATION162,Offline,Windows 7,10.0.0.162,00:00:00:00:0162
WORKSTATION163,Online,Windows 7,10.0.0.163,00:00:00:00:0163
WORKSTATION164,Offline,Windows 7,10.0.0.164,00:00:00:00:0164
WORKSTATION165,Online,Windows 7,10.0.0.165,00:00:00:00:0165
WORKSTATION166,Offline,Windows 7,10.0.0.166,00:00:00:00:0166
WORKSTATION167,Online,Windows 7,10.0.0.167,00:00:00:00:0167
WORKSTATION168,Offline,Windows 7,10.0.0.168,00:00:00:00:0168
WORKSTATION169,Online,Windows 7,10.0.0.169,00:00:00:00:0169
WORKSTATION170,Offline,Windows 7,10.0.0.170,00:00:00:00:0170
WORKSTATION171,Online,Windows 7,10.0.0.171,00:00:00:00:0171
WORKSTATION172,Offline,Windows 7,10.0.0.172,00:00:00:00:0172
WORKSTATION173,Online,Windows 7,10.0.0.173,00:00:00:00:0173
WORKSTATION174,Offline,Windows 7,10.0.0.174,00:00:00:00:0174
WORKSTATION175,Online,Windows 7,10.0.0.175,00:00:00:00:0175
WORKSTATION176,Offline,Windows 7,10.0.0.176,00:00:00:00:0176
WORKSTATION177,Online,Windows 7,10.0.0.177,00:00:00:00:0177
WORKSTATION178,Offline,Windows 7,10.0.0.178,00:00:00:00:0178
WORKSTATION179,Online,Windows 7,10.0.0.179,00:00:00:00:0179
WORKSTATION180,Offline,Windows 7,10.0.0.180,00:00:00:00:0180
WORKSTATION181,Online,Windows 7,10.0.0.181,00:00:00:00:0181
WORKSTATION182,Offline,Windows 7,10.0.0.182,00:00:00:00:0182
WORKSTATION183,Online,Windows 7,10.0.0.183,00:00:00:00:0183
WORKSTATION184,Offline,Windows 7,10.0.0.184,00:00:00:00:0184
WORKSTATION185,Online,Windows 7,10.0.0.185,00:00:00:00:0185
WORKSTATION186,Offline,Windows 7,10.0.0.186,00:00:00:00:0186
WORKSTATION187,Online,Windows 7,10.0.0.187,00:00:00:00:0187
WORKSTATION188,Offline,Windows 7,10.0.0.188,00:00:00:00:0188
WORKSTATION189,Online,Windows 7,10.0.0.189,00:00:00:00:0189
WORKSTATION190,Offline,Windows 7,10.0.0.190,00:00:00:00:0190
WORKSTATION191,Online,Windows 7,10.0.0.191,00:00:00:00:0191
WORKSTATION192,Offline,Windows 7,10.0.0.192,00:00:00:00:0192
WORKSTATION193,Online,Windows 7,10.0.0.193,00:00:00:00:0193
WORKSTATION194,Offline,Windows 7,10.0.0.194,00:00:00:00:0194
WORKSTATION195,Online,Windows 7,10.0.0.195,00:00:00:00:0195
WORKSTATION196,Offline,Windows 7,10.0.0.196,00:00:00:00:0196
WORKSTATION197,Online,Windows 7,10.0.0.197,00:00:00:00:0197
WORKSTATION198,Offline,Windows 7,10.0.0.198,00:00:00:00:0198
WORKSTATION199,Online,Windows 7,10.0.0.199,00:00:00:00:0199
WORKSTATION200,Offline,Windows 8,10.0.0.200,00:00:00:00:0200
WORKSTATION201,Online,Windows 8,10.0.0.201,00:00:00:00:0201
WORKSTATION202,Offline,Windows 8,10.0.0.202,00:00:00:00:0202
WORKSTATION203,Online,Windows 8,10.0.0.203,00:00:00:00:0203
WORKSTATION204,Offline,Windows 8,10.0.0.204,00:00:00:00:0204
WORKSTATION205,Online,Windows 8,10.0.0.205,00:00:00:00:0205
WORKSTATION206,Offline,Windows 8,10.0.0.206,00:00:00:00:0206
WORKSTATION207,Online,Windows 8,10.0.0.207,00:00:00:00:0207
WORKSTATION208,Offline,Windows 8,10.0.0.208,00:00:00:00:0208
WORKSTATION209,Online,Windows 8,10.0.0.209,00:00:00:00:0209
WORKSTATION210,Offline,Windows 8,10.0.0.210,00:00:00:00:0210
WORKSTATION211,Online,Windows 8,10.0.0.211,00:00:00:00:0211
WORKSTATION212,Offline,Windows 8,10.0.0.212,00:00:00:00:0212
WORKSTATION213,Online,Windows 8,10.0.0.213,00:00:00:00:0213
WORKSTATION214,Offline,Windows 8,10.0.0.214,00:00:00:00:0214
WORKSTATION215,Online,Windows 8,10.0.0.215,00:00:00:00:0215
WORKSTATION216,Offline,Windows 8,10.0.0.216,00:00:00:00:0216
WORKSTATION217,Online,Windows 8,10.0.0.217,00:00:00:00:0217
WORKSTATION218,Offline,Windows 8,10.0.0.218,00:00:00:00:0218
WORKSTATION219,Online,Windows 8,10.0.0.219,00:00:00:00:0219
WORKSTATION220,Offline,Windows 8,10.0.0.220,00:00:00:00:0220
WORKSTATION221,Online,Windows 8,10.0.0.221,00:00:00:00:0221
WORKSTATION222,Offline,Windows 8,10.0.0.222,00:00:00:00:0222
WORKSTATION223,Online,Windows 8,10.0.0.223,00:00:00:00:0223
WORKSTATION224,Offline,Windows 8,10.0.0.224,00:00:00:00:0224
WORKSTATION225,Online,Windows 8,10.0.0.225,00:00:00:00:0225
WORKSTATION226,Offline,Windows 8,10.0.0.226,00:00:00:00:0226
WORKSTATION227,Online,Windows 8,10.0.0.227,00:00:00:00:0227
WORKSTATION228,Offline,Windows 8,10.0.0.228,00:00:00:00:0228
WORKSTATION229,Online,Windows 8,10.0.0.229,00:00:00:00:0229
WORKSTATION230,Offline,Windows 8,10.0.0.230,00:00:00:00:0230
WORKSTATION231,Online,Windows 8,10.0.0.231,00:00:00:00:0231
WORKSTATION232,Offline,Windows 8,10.0.0.232,00:00:00:00:0232
WORKSTATION233,Online,Windows 8,10.0.0.233,00:00:00:00:0233
WORKSTATION234,Offline,Windows 8,10.0.0.234,00:00:00:00:0234
WORKSTATION235,Online,Windows 8,10.0.0.235,00:00:00:00:0235
WORKSTATION236,Offline,Windows 8,10.0.0.236,00:00:00:00:0236
WORKSTATION237,Online,Windows 8,10.0.0.237,00:00:00:00:0237
WORKSTATION238,Offline,Windows 8,10.0.0.238,00:00:00:00:0238
WORKSTATION239,Online,Windows 8,10.0.0.239,00:00:00:00:0239
WORKSTATION240,Offline,Windows 8,10.0.0.240,00:00:00:00:0240
WORKSTATION241,Online,Windows 8,10.0.0.241,00:00:00:00:0241
WORKSTATION242,Offline,Windows 8,10.0.0.242,00:00:00:00:0242
WORKSTATION243,Online,Windows 8,10.0.0.243,00:00:00:00:0243
WORKSTATION244,Offline,Windows 8,10.0.0.244,00:00:00:00:0244
WORKSTATION245,Online,Windows 8,10.0.0.245,00:00:00:00:0245
WORKSTATION246,Offline,Windows 8,10.0.0.246,00:00:00:00:0246
WORKSTATION247,Online,Windows 8,10.0.0.247,00:00:00:00:0247
WORKSTATION248,Offline,Windows 8,10.0.0.248,00:00:00:00:0248
WORKSTATION249,Online,Windows 8,10.0.0.249,00:00:00:00:0249
WORKSTATION250,Offline,Windows 8,10.0.0.250,00:00:00:00:0250
WORKSTATION251,Online,Windows 8,10.0.0.251,00:00:00:00:0251
WORKSTATION252,Offline,Windows 8,10.0.0.252,00:00:00:00:0252
WORKSTATION253,Online,Windows 8,10.0.0.253,00:00:00:00:0253
WORKSTATION254,Offline,Windows 8,10.0.0.254,00:00:00:00:0254
WORKSTATION255,Online,Windows 8,10.0.0.255,00:00:00:00:0255
WORKSTATION256,Offline,Windows 8,10.0.1.1,00:00:00:00:0256
WORKSTATION257,Online,Windows 8,10.0.1.2,00:00:00:00:0257
WORKSTATION258,Offline,Windows 8,10.0.1.3,00:00:00:00:0258
WORKSTATION259,Online,Windows 8,10.0.1.4,00:00:00:00:0259
WORKSTATION260,Offline,Windows 8,10.0.1.5,00:00:00:00:0260
WORKSTATION261,Online,Windows 8,10.0.1.6,00:00:00:00:0261
WORKSTATION262,Offline,Windows 8,10.0.1.7,00:00:00:00:0262
WORKSTATION263,Online,Windows 8,10.0.1.8,00:00:00:00:0263
WORKSTATION264,Offline,Windows 8,10.0.1.9,00:00:00:00:0264
WORKSTATION265,Online,Windows 8,10.0.1.10,00:00:00:00:0265
WORKSTATION266,Offline,Windows 8,10.0.1.11,00:00:00:00:0266
WORKSTATION267,Online,Windows 8,10.0.1.12,00:00:00:00:0267
WORKSTATION268,Offline,Windows 8,10.0.1.13,00:00:00:00:0268
WORKSTATION269,Online,Windows 8,10.0.1.14,00:00:00:00:0269
WORKSTATION270,Offline,Windows 8,10.0.1.15,00:00:00:00:0270
WORKSTATION271,Online,Windows 8,10.0.1.16,00:00:00:00:0271
WORKSTATION272,Offline,Windows 8,10.0.1.17,00:00:00:00:0272
WORKSTATION273,Online,Windows 8,10.0.1.18,00:00:00:00:0273
WORKSTATION274,Offline,Windows 8,10.0.1.19,00:00:00:00:0274
WORKSTATION275,Online,Windows 8,10.0.1.20,00:00:00:00:0275
WORKSTATION276,Offline,Windows 8,10.0.1.21,00:00:00:00:0276
WORKSTATION277,Online,Windows 8,10.0.1.22,00:00:00:00:0277
WORKSTATION278,Offline,Windows 8,10.0.1.23,00:00:00:00:0278
WORKSTATION279,Online,Windows 8,10.0.1.24,00:00:00:00:0279
WORKSTATION280,Offline,Windows 8,10.0.1.25,00:00:00:00:0280
WORKSTATION281,Online,Windows 8,10.0.1.26,00:00:00:00:0281
WORKSTATION282,Offline,Windows 8,10.0.1.27,00:00:00:00:0282
WORKSTATION283,Online,Windows 8,10.0.1.28,00:00:00:00:0283
WORKSTATION284,Offline,Windows 8,10.0.1.29,00:00:00:00:0284
WORKSTATION285,Online,Windows 8,10.0.1.30,00:00:00:00:0285
WORKSTATION286,Offline,Windows 8,10.0.1.31,00:00:00:00:0286
WORKSTATION287,Online,Windows 8,10.0.1.32,00:00:00:00:0287
WORKSTATION288,Offline,Windows 8,10.0.1.33,00:00:00:00:0288
WORKSTATION289,Online,Windows 8,10.0.1.34,00:00:00:00:0289
WORKSTATION290,Offline,Windows 8,10.0.1.35,00:00:00:00:0290
WORKSTATION291,Online,Windows 8,10.0.1.36,00:00:00:00:0291
WORKSTATION292,Offline,Windows 8,10.0.1.37,00:00:00:00:0292
WORKSTATION293,Online,Windows 8,10.0.1.38,00:00:00:00:0293
WORKSTATION294,Offline,Windows 8,10.0.1.39,00:00:00:00:0294
WORKSTATION295,Online,Windows 8,10.0.1.40,00:00:00:00:0295
WORKSTATION296,Offline,Windows 8,10.0.1.41,00:00:00:00:0296
WORKSTATION297,Online,Windows 8,10.0.1.42,00:00:00:00:0297
WORKSTATION298,Offline,Windows 8,10.0.1.43,00:00:00:00:0298
WORKSTATION299,Online,Windows 8,10.0.1.44,00:00:00:00:0299
WORKSTATION300,Offline,Windows XP,10.0.1.45,00:00:00:00:0300
WORKSTATION301,Online,Windows XP,10.0.1.46,00:00:00:00:0301
WORKSTATION302,Offline,Windows XP,10.0.1.47,00:00:00:00:0302
WORKSTATION303,Online,Windows XP,10.0.1.48,00:00:00:00:0303
WORKSTATION304,Offline,Windows XP,10.0.1.49,00:00:00:00:0304
WORKSTATION305,Online,Windows XP,10.0.1.50,00:00:00:00:0305
WORKSTATION306,Offline,Windows XP,10.0.1.51,00:00:00:00:0306
WORKSTATION307,Online,Windows XP,10.0.1.52,00:00:00:00:0307
WORKSTATION308,Offline,Windows XP,10.0.1.53,00:00:00:00:0308
WORKSTATION309,Online,Windows XP,10.0.1.54,00:00:00:00:0309
WORKSTATION310,Offline,Windows XP,10.0.1.55,00:00:00:00:0310
WORKSTATION311,Online,Windows XP,10.0.1.56,00:00:00:00:0311
WORKSTATION312,Offline,Windows XP,10.0.1.57,00:00:00:00:0312
WORKSTATION313,Online,Windows XP,10.0.1.58,00:00:00:00:0313
WORKSTATION314,Offline,Windows XP,10.0.1.59,00:00:00:00:0314
WORKSTATION315,Online,Windows XP,10.0.1.60,00:00:00:00:0315
WORKSTATION316,Offline,Windows XP,10.0.1.61,00:00:00:00:0316
WORKSTATION317,Online,Windows XP,10.0.1.62,00:00:00:00:0317
WORKSTATION318,Offline,Windows XP,10.0.1.63,00:00:00:00:0318
WORKSTATION319,Online,Windows XP,10.0.1.64,00:00:00:00:0319
WORKSTATION320,Offline,Windows XP,10.0.1.65,00:00:00:00:0320
WORKSTATION321,Online,Windows XP,10.0.1.66,00:00:00:00:0321
WORKSTATION322,Offline,Windows XP,10.0.1.67,00:00:00:00:0322
WORKSTATION323,Online,Windows XP,10.0.1.68,00:00:00:00:0323
WORKSTATION324,Offline,Windows XP,10.0.1.69,00:00:00:00:0324
WORKSTATION325,Online,Windows XP,10.0.1.70,00:00:00:00:0325
WORKSTATION326,Offline,Windows XP,10.0.1.71,00:00:00:00:0326
WORKSTATION327,Online,Windows XP,10.0.1.72,00:00:00:00:0327
WORKSTATION328,Offline,Windows XP,10.0.1.73,00:00:00:00:0328
WORKSTATION329,Online,Windows XP,10.0.1.74,00:00:00:00:0329
WORKSTATION330,Offline,Windows XP,10.0.1.75,00:00:00:00:0330
WORKSTATION331,Online,Windows XP,10.0.1.76,00:00:00:00:0331
WORKSTATION332,Offline,Windows XP,10.0.1.77,00:00:00:00:0332
WORKSTATION333,Online,Windows XP,10.0.1.78,00:00:00:00:0333
WORKSTATION334,Offline,Windows XP,10.0.1.79,00:00:00:00:0334
WORKSTATION335,Online,Windows XP,10.0.1.80,00:00:00:00:0335
WORKSTATION336,Offline,Windows XP,10.0.1.81,00:00:00:00:0336
WORKSTATION337,Online,Windows XP,10.0.1.82,00:00:00:00:0337
WORKSTATION338,Offline,Windows XP,10.0.1.83,00:00:00:00:0338
WORKSTATION339,Online,Windows XP,10.0.1.84,00:00:00:00:0339
WORKSTATION340,Offline,Windows XP,10.0.1.85,00:00:00:00:0340
WORKSTATION341,Online,Windows XP,10.0.1.86,00:00:00:00:0341
WORKSTATION342,Offline,Windows XP,10.0.1.87,00:00:00:00:0342
WORKSTATION343,Online,Windows XP,10.0.1.88,00:00:00:00:0343
WORKSTATION344,Offline,Windows XP,10.0.1.89,00:00:00:00:0344
WORKSTATION345,Online,Windows XP,10.0.1.90,00:00:00:00:0345
WORKSTATION346,Offline,Windows XP,10.0.1.91,00:00:00:00:0346
WORKSTATION347,Online,Windows XP,10.0.1.92,00:00:00:00:0347
WORKSTATION348,Offline,Windows XP,10.0.1.93,00:00:00:00:0348
WORKSTATION349,Online,Windows XP,10.0.1.94,00:00:00:00:0349
WORKSTATION350,Offline,Windows XP,10.0.1.95,00:00:00:00:0350
WORKSTATION351,Online,Windows XP,10.0.1.96,00:00:00:00:0351
WORKSTATION352,Offline,Windows XP,10.0.1.97,00:00:00:00:0352
WORKSTATION353,Online,Windows XP,10.0.1.98,00:00:00:00:0353
WORKSTATION354,Offline,Windows XP,10.0.1.99,00:00:00:00:0354
WORKSTATION355,Online,Windows XP,10.0.1.100,00:00:00:00:0355
WORKSTATION356,Offline,Windows XP,10.0.1.101,00:00:00:00:0356
WORKSTATION357,Online,Windows XP,10.0.1.102,00:00:00:00:0357
WORKSTATION358,Offline,Windows XP,10.0.1.103,00:00:00:00:0358
WORKSTATION359,Online,Windows XP,10.0.1.104,00:00:00:00:0359
WORKSTATION360,Offline,Windows XP,10.0.1.105,00:00:00:00:0360
WORKSTATION361,Online,Windows XP,10.0.1.106,00:00:00:00:0361
WORKSTATION362,Offline,Windows XP,10.0.1.107,00:00:00:00:0362
WORKSTATION363,Online,Windows XP,10.0.1.108,00:00:00:00:0363
WORKSTATION364,Offline,Windows XP,10.0.1.109,00:00:00:00:0364
WORKSTATION365,Online,Windows XP,10.0.1.110,00:00:00:00:0365
WORKSTATION366,Offline,Windows XP,10.0.1.111,00:00:00:00:0366
WORKSTATION367,Online,Windows XP,10.0.1.112,00:00:00:00:0367
WORKSTATION368,Offline,Windows XP,10.0.1.113,00:00:00:00:0368
WORKSTATION369,Online,Windows XP,10.0.1.114,00:00:00:00:0369
WORKSTATION370,Offline,Windows XP,10.0.1.115,00:00:00:00:0370
WORKSTATION371,Online,Windows XP,10.0.1.116,00:00:00:00:0371
WORKSTATION372,Offline,Windows XP,10.0.1.117,00:00:00:00:0372
WORKSTATION373,Online,Windows XP,10.0.1.118,00:00:00:00:0373
WORKSTATION374,Offline,Windows XP,10.0.1.119,00:00:00:00:0374
WORKSTATION375,Online,Windows XP,10.0.1.120,00:00:00:00:0375
WORKSTATION376,Offline,Windows XP,10.0.1.121,00:00:00:00:0376
WORKSTATION377,Online,Windows XP,10.0.1.122,00:00:00:00:0377
WORKSTATION378,Offline,Windows XP,10.0.1.123,00:00:00:00:0378
WORKSTATION379,Online,Windows XP,10.0.1.124,00:00:00:00:0379
WORKSTATION380,Offline,Windows XP,10.0.1.125,00:00:00:00:0380
WORKSTATION381,Online,Windows XP,10.0.1.126,00:00:00:00:0381
WORKSTATION382,Offline,Windows XP,10.0.1.127,00:00:00:00:0382
WORKSTATION383,Online,Windows XP,10.0.1.128,00:00:00:00:0383
WORKSTATION384,Offline,Windows XP,10.0.1.129,00:00:00:00:0384
WORKSTATION385,Online,Windows XP,10.0.1.130,00:00:00:00:0385
WORKSTATION386,Offline,Windows XP,10.0.1.131,00:00:00:00:0386
WORKSTATION387,Online,Windows XP,10.0.1.132,00:00:00:00:0387
WORKSTATION388,Offline,Windows XP,10.0.1.133,00:00:00:00:0388
WORKSTATION389,Online,Windows XP,10.0.1.134,00:00:00:00:0389
WORKSTATION390,Offline,Windows XP,10.0.1.135,00:00:00:00:0390
WORKSTATION391,Online,Windows XP,10.0.1.136,00:00:00:00:0391
WORKSTATION392,Offline,Windows XP,10.0.1.137,00:00:00:00:0392
WORKSTATION393,Online,Windows XP,10.0.1.138,00:00:00:00:0393
WORKSTATION394,Offline,Windows XP,10.0.1.139,00:00:00:00:0394
WORKSTATION395,Online,Windows XP,10.0.1.140,00:00:00:00:0395
WORKSTATION396,Offline,Windows XP,10.0.1.141,00:00:00:00:0396
WORKSTATION397,Online,Windows XP,10.0.1.142,00:00:00:00:0397
WORKSTATION398,Offline,Windows XP,10.0.1.143,00:00:00:00:0398
WORKSTATION399,Online,Windows XP,10.0.1.144,00:00:00:00:0399
WORKSTATION400,Offline,Ubuntu 20.04,10.0.1.145,00:00:00:00:0400
WORKSTATION401,Online,Ubuntu 20.04,10.0.1.146,00:00:00:00:0401
WORKSTATION402,Offline,Ubuntu 20.04,10.0.1.147,00:00:00:00:0402
WORKSTATION403,Online,Ubuntu 20.04,10.0.1.148,00:00:00:00:0403
WORKSTATION404,Offline,Ubuntu 20.04,10.0.1.149,00:00:00:00:0404
WORKSTATION405,Online,Ubuntu 20.04,10.0.1.150,00:00:00:00:0405
WORKSTATION406,Offline,Ubuntu 20.04,10.0.1.151,00:00:00:00:0406
WORKSTATION407,Online,Ubuntu 20.04,10.0.1.152,00:00:00:00:0407
WORKSTATION408,Offline,Ubuntu 20.04,10.0.1.153,00:00:00:00:0408
WORKSTATION409,Online,Ubuntu 20.04,10.0.1.154,00:00:00:00:0409
WORKSTATION410,Offline,Ubuntu 20.04,10.0.1.155,00:00:00:00:0410
WORKSTATION411,Online,Ubuntu 20.04,10.0.1.156,00:00:00:00:0411
WORKSTATION412,Offline,Ubuntu 20.04,10.0.1.157,00:00:00:00:0412
WORKSTATION413,Online,Ubuntu 20.04,10.0.1.158,00:00:00:00:0413
WORKSTATION414,Offline,Ubuntu 20.04,10.0.1.159,00:00:00:00:0414
WORKSTATION415,Online,Ubuntu 20.04,10.0.1.160,00:00:00:00:0415
WORKSTATION416,Offline,Ubuntu 20.04,10.0.1.161,00:00:00:00:0416
WORKSTATION417,Online,Ubuntu 20.04,10.0.1.162,00:00:00:00:0417
WORKSTATION418,Offline,Ubuntu 20.04,10.0.1.163,00:00:00:00:0418
WORKSTATION419,Online,Ubuntu 20.04,10.0.1.164,00:00:00:00:0419
WORKSTATION420,Offline,Ubuntu 20.04,10.0.1.165,00:00:00:00:0420
WORKSTATION421,Online,Ubuntu 20.04,10.0.1.166,00:00:00:00:0421
WORKSTATION422,Offline,Ubuntu 20.04,10.0.1.167,00:00:00:00:0422
WORKSTATION423,Online,Ubuntu 20.04,10.0.1.168,00:00:00:00:0423
WORKSTATION424,Offline,Ubuntu 20.04,10.0.1.169,00:00:00:00:0424
WORKSTATION425,Online,Ubuntu 20.04,10.0.1.170,00:00:00:00:0425
WORKSTATION426,Offline,Ubuntu 20.04,10.0.1.171,00:00:00:00:0426
WORKSTATION427,Online,Ubuntu 20.04,10.0.1.172,00:00:00:00:0427
WORKSTATION428,Offline,Ubuntu 20.04,10.0.1.173,00:00:00:00:0428
WORKSTATION429,Online,Ubuntu 20.04,10.0.1.174,00:00:00:00:0429
WORKSTATION430,Offline,Ubuntu 20.04,10.0.1.175,00:00:00:00:0430
WORKSTATION431,Online,Ubuntu 20.04,10.0.1.176,00:00:00:00:0431
WORKSTATION432,Offline,Ubuntu 20.04,10.0.1.177,00:00:00:00:0432
WORKSTATION433,Online,Ubuntu 20.04,10.0.1.178,00:00:00:00:0433
WORKSTATION434,Offline,Ubuntu 20.04,10.0.1.179,00:00:00:00:0434
WORKSTATION435,Online,Ubuntu 20.04,10.0.1.180,00:00:00:00:0435
WORKSTATION436,Offline,Ubuntu 20.04,10.0.1.181,00:00:00:00:0436
WORKSTATION437,Online,Ubuntu 20.04,10.0.1.182,00:00:00:00:0437
WORKSTATION438,Offline,Ubuntu 20.04,10.0.1.183,00:00:00:00:0438
WORKSTATION439,Online,Ubuntu 20.04,10.0.1.184,00:00:00:00:0439
WORKSTATION440,Offline,Ubuntu 20.04,10.0.1.185,00:00:00:00:0440
WORKSTATION441,Online,Ubuntu 20.04,10.0.1.186,00:00:00:00:0441
WORKSTATION442,Offline,Ubuntu 20.04,10.0.1.187,00:00:00:00:0442
WORKSTATION443,Online,Ubuntu 20.04,10.0.1.188,00:00:00:00:0443
WORKSTATION444,Offline,Ubuntu 20.04,10.0.1.189,00:00:00:00:0444
WORKSTATION445,Online,Ubuntu 20.04,10.0.1.190,00:00:00:00:0445
WORKSTATION446,Offline,Ubuntu 20.04,10.0.1.191,00:00:00:00:0446
WORKSTATION447,Online,Ubuntu 20.04,10.0.1.192,00:00:00:00:0447
WORKSTATION448,Offline,Ubuntu 20.04,10.0.1.193,00:00:00:00:0448
WORKSTATION449,Online,Ubuntu 20.04,10.0.1.194,00:00:00:00:0449
WORKSTATION450,Offline,Ubuntu 20.04,10.0.1.195,00:00:00:00:0450
WORKSTATION451,Online,Ubuntu 20.04,10.0.1.196,00:00:00:00:0451
WORKSTATION452,Offline,Ubuntu 20.04,10.0.1.197,00:00:00:00:0452
WORKSTATION453,Online,Ubuntu 20.04,10.0.1.198,00:00:00:00:0453
WORKSTATION454,Offline,Ubuntu 20.04,10.0.1.199,00:00:00:00:0454
WORKSTATION455,Online,Ubuntu 20.04,10.0.1.200,00:00:00:00:0455
WORKSTATION456,Offline,Ubuntu 20.04,10.0.1.201,00:00:00:00:0456
WORKSTATION457,Online,Ubuntu 20.04,10.0.1.202,00:00:00:00:0457
WORKSTATION458,Offline,Ubuntu 20.04,10.0.1.203,00:00:00:00:0458
WORKSTATION459,Online,Ubuntu 20.04,10.0.1.204,00:00:00:00:0459
WORKSTATION460,Offline,Ubuntu 20.04,10.0.1.205,00:00:00:00:0460
WORKSTATION461,Online,Ubuntu 20.04,10.0.1.206,00:00:00:00:0461
WORKSTATION462,Offline,Ubuntu 20.04,10.0.1.207,00:00:00:00:0462
WORKSTATION463,Online,Ubuntu 20.04,10.0.1.208,00:00:00:00:0463
WORKSTATION464,Offline,Ubuntu 20.04,10.0.1.209,00:00:00:00:0464
WORKSTATION465,Online,Ubuntu 20.04,10.0.1.210,00:00:00:00:0465
WORKSTATION466,Offline,Ubuntu 20.04,10.0.1.211,00:00:00:00:0466
WORKSTATION467,Online,Ubuntu 20.04,10.0.1.212,00:00:00:00:0467
WORKSTATION468,Offline,Ubuntu 20.04,10.0.1.213,00:00:00:00:0468
WORKSTATION469,Online,Ubuntu 20.04,10.0.1.214,00:00:00:00:0469
WORKSTATION470,Offline,Ubuntu 20.04,10.0.1.215,00:00:00:00:0470
WORKSTATION471,Online,Ubuntu 20.04,10.0.1.216,00:00:00:00:0471
WORKSTATION472,Offline,Ubuntu 20.04,10.0.1.217,00:00:00:00:0472
WORKSTATION473,Online,Ubuntu 20.04,10.0.1.218,00:00:00:00:0473
WORKSTATION474,Offline,Ubuntu 20.04,10.0.1.219,00:00:00:00:0474
WORKSTATION475,Online,Ubuntu 20.04,10.0.1.220,00:00:00:00:0475
WORKSTATION476,Offline,Ubuntu 20.04,10.0.1.221,00:00:00:00:0476
WORKSTATION477,Online,Ubuntu 20.04,10.0.1.222,00:00:00:00:0477
WORKSTATION478,Offline,Ubuntu 20.04,10.0.1.223,00:00:00:00:0478
WORKSTATION479,Online,Ubuntu 20.04,10.0.1.224,00:00:00:00:0479
WORKSTATION480,Offline,Ubuntu 20.04,10.0.1.225,00:00:00:00:0480
WORKSTATION481,Online,Ubuntu 20.04,10.0.1.226,00:00:00:00:0481
WORKSTATION482,Offline,Ubuntu 20.04,10.0.1.227,00:00:00:00:0482
WORKSTATION483,Online,Ubuntu 20.04,10.0.1.228,00:00:00:00:0483
WORKSTATION484,Offline,Ubuntu 20.04,10.0.1.229,00:00:00:00:0484
WORKSTATION485,Online,Ubuntu 20.04,10.0.1.230,00:00:00:00:0485
WORKSTATION486,Offline,Ubuntu 20.04,10.0.1.231,00:00:00:00:0486
WORKSTATION487,Online,Ubuntu 20.04,10.0.1.232,00:00:00:00:0487
WORKSTATION488,Offline,Ubuntu 20.04,10.0.1.233,00:00:00:00:0488
WORKSTATION489,Online,Ubuntu 20.04,10.0.1.234,00:00:00:00:0489
WORKSTATION490,Offline,Ubuntu 20.04,10.0.1.235,00:00:00:00:0490
WORKSTATION491,Online,Ubuntu 20.04,10.0.1.236,00:00:00:00:0491
WORKSTATION492,Offline,Ubuntu 20.04,10.0.1.237,00:00:00:00:0492
WORKSTATION493,Online,Ubuntu 20.04,10.0.1.238,00:00:00:00:0493
WORKSTATION494,Offline,Ubuntu 20.04,10.0.1.239,00:00:00:00:0494
WORKSTATION495,Online,Ubuntu 20.04,10.0.1.240,00:00:00:00:0495
WORKSTATION496,Offline,Ubuntu 20.04,10.0.1.241,00:00:00:00:0496
WORKSTATION497,Online,Ubuntu 20.04,10.0.1.242,00:00:00:00:0497
WORKSTATION498,Offline,Ubuntu 20.04,10.0.1.243,00:00:00:00:0498
WORKSTATION499,Online,Ubuntu 20.04,10.0.1.244,00:00:00:00:0499
WORKSTATION500,Offline,RHEL 6,10.0.1.245,00:00:00:00:0500
WORKSTATION501,Online,RHEL 6,10.0.1.246,00:00:00:00:0501
WORKSTATION502,Offline,RHEL 6,10.0.1.247,00:00:00:00:0502
WORKSTATION503,Online,RHEL 6,10.0.1.248,00:00:00:00:0503
WORKSTATION504,Offline,RHEL 6,10.0.1.249,00:00:00:00:0504
WORKSTATION505,Online,RHEL 6,10.0.1.250,00:00:00:00:0505
WORKSTATION506,Offline,RHEL 6,10.0.1.251,00:00:00:00:0506
WORKSTATION507,Online,RHEL 6,10.0.1.252,00:00:00:00:0507
WORKSTATION508,Offline,RHEL 6,10.0.1.253,00:00:00:00:0508
WORKSTATION509,Online,RHEL 6,10.0.1.254,00:00:00:00:0509
WORKSTATION510,Offline,RHEL 6,10.0.1.255,00:00:00:00:0510
WORKSTATION511,Online,RHEL 6,10.0.2.1,00:00:00:00:0511
WORKSTATION512,Offline,RHEL 6,10.0.2.2,00:00:00:00:0512
WORKSTATION513,Online,RHEL 6,10.0.2.3,00:00:00:00:0513
WORKSTATION514,Offline,RHEL 6,10.0.2.4,00:00:00:00:0514
WORKSTATION515,Online,RHEL 6,10.0.2.5,00:00:00:00:0515
WORKSTATION516,Offline,RHEL 6,10.0.2.6,00:00:00:00:0516
WORKSTATION517,Online,RHEL 6,10.0.2.7,00:00:00:00:0517
WORKSTATION518,Offline,RHEL 6,10.0.2.8,00:00:00:00:0518
WORKSTATION519,Online,RHEL 6,10.0.2.9,00:00:00:00:0519
WORKSTATION520,Offline,RHEL 6,10.0.2.10,00:00:00:00:0520
WORKSTATION521,Online,RHEL 6,10.0.2.11,00:00:00:00:0521
WORKSTATION522,Offline,RHEL 6,10.0.2.12,00:00:00:00:0522
WORKSTATION523,Online,RHEL 6,10.0.2.13,00:00:00:00:0523
WORKSTATION524,Offline,RHEL 6,10.0.2.14,00:00:00:00:0524
WORKSTATION525,Online,RHEL 6,10.0.2.15,00:00:00:00:0525
WORKSTATION526,Offline,RHEL 6,10.0.2.16,00:00:00:00:0526
WORKSTATION527,Online,RHEL 6,10.0.2.17,00:00:00:00:0527
WORKSTATION528,Offline,RHEL 6,10.0.2.18,00:00:00:00:0528
WORKSTATION529,Online,RHEL 6,10.0.2.19,00:00:00:00:0529
WORKSTATION530,Offline,RHEL 6,10.0.2.20,00:00:00:00:0530
WORKSTATION531,Online,RHEL 6,10.0.2.21,00:00:00:00:0531
WORKSTATION532,Offline,RHEL 6,10.0.2.22,00:00:00:00:0532
WORKSTATION533,Online,RHEL 6,10.0.2.23,00:00:00:00:0533
WORKSTATION534,Offline,RHEL 6,10.0.2.24,00:00:00:00:0534
WORKSTATION535,Online,RHEL 6,10.0.2.25,00:00:00:00:0535
WORKSTATION536,Offline,RHEL 6,10.0.2.26,00:00:00:00:0536
WORKSTATION537,Online,RHEL 6,10.0.2.27,00:00:00:00:0537
WORKSTATION538,Offline,RHEL 6,10.0.2.28,00:00:00:00:0538
WORKSTATION539,Online,RHEL 6,10.0.2.29,00:00:00:00:0539
WORKSTATION540,Offline,RHEL 6,10.0.2.30,00:00:00:00:0540
WORKSTATION541,Online,RHEL 6,10.0.2.31,00:00:00:00:0541
WORKSTATION542,Offline,RHEL 6,10.0.2.32,00:00:00:00:0542
WORKSTATION543,Online,RHEL 6,10.0.2.33,00:00:00:00:0543
WORKSTATION544,Offline,RHEL 6,10.0.2.34,00:00:00:00:0544
WORKSTATION545,Online,RHEL 6,10.0.2.35,00:00:00:00:0545
WORKSTATION546,Offline,RHEL 6,10.0.2.36,00:00:00:00:0546
WORKSTATION547,Online,RHEL 6,10.0.2.37,00:00:00:00:0547
WORKSTATION548,Offline,RHEL 6,10.0.2.38,00:00:00:00:0548
WORKSTATION549,Online,RHEL 6,10.0.2.39,00:00:00:00:0549
WORKSTATION550,Offline,RHEL 6,10.0.2.40,00:00:00:00:0550
WORKSTATION551,Online,RHEL 6,10.0.2.41,00:00:00:00:0551
WORKSTATION552,Offline,RHEL 6,10.0.2.42,00:00:00:00:0552
WORKSTATION553,Online,RHEL 6,10.0.2.43,00:00:00:00:0553
WORKSTATION554,Offline,RHEL 6,10.0.2.44,00:00:00:00:0554
WORKSTATION555,Online,RHEL 6,10.0.2.45,00:00:00:00:0555
WORKSTATION556,Offline,RHEL 6,10.0.2.46,00:00:00:00:0556
WORKSTATION557,Online,RHEL 6,10.0.2.47,00:00:00:00:0557
WORKSTATION558,Offline,RHEL 6,10.0.2.48,00:00:00:00:0558
WORKSTATION559,Online,RHEL 6,10.0.2.49,00:00:00:00:0559
WORKSTATION560,Offline,RHEL 6,10.0.2.50,00:00:00:00:0560
WORKSTATION561,Online,RHEL 6,10.0.2.51,00:00:00:00:0561
WORKSTATION562,Offline,RHEL 6,10.0.2.52,00:00:00:00:0562
WORKSTATION563,Online,RHEL 6,10.0.2.53,00:00:00:00:0563
WORKSTATION564,Offline,RHEL 6,10.0.2.54,00:00:00:00:0564
WORKSTATION565,Online,RHEL 6,10.0.2.55,00:00:00:00:0565
WORKSTATION566,Offline,RHEL 6,10.0.2.56,00:00:00:00:0566
WORKSTATION567,Online,RHEL 6,10.0.2.57,00:00:00:00:0567
WORKSTATION568,Offline,RHEL 6,10.0.2.58,00:00:00:00:0568
WORKSTATION569,Online,RHEL 6,10.0.2.59,00:00:00:00:0569
WORKSTATION570,Offline,RHEL 6,10.0.2.60,00:00:00:00:0570
WORKSTATION571,Online,RHEL 6,10.0.2.61,00:00:00:00:0571
WORKSTATION572,Offline,RHEL 6,10.0.2.62,00:00:00:00:0572
WORKSTATION573,Online,RHEL 6,10.0.2.63,00:00:00:00:0573
WORKSTATION574,Offline,RHEL 6,10.0.2.64,00:00:00:00:0574
WORKSTATION575,Online,RHEL 6,10.0.2.65,00:00:00:00:0575
WORKSTATION576,Offline,RHEL 6,10.0.2.66,00:00:00:00:0576
WORKSTATION577,Online,RHEL 6,10.0.2.67,00:00:00:00:0577
WORKSTATION578,Offline,RHEL 6,10.0.2.68,00:00:00:00:0578
WORKSTATION579,Online,RHEL 6,10.0.2.69,00:00:00:00:0579
WORKSTATION580,Offline,RHEL 6,10.0.2.70,00:00:00:00:0580
WORKSTATION581,Online,RHEL 6,10.0.2.71,00:00:00:00:0581
WORKSTATION582,Offline,RHEL 6,10.0.2.72,00:00:00:00:0582
WORKSTATION583,Online,RHEL 6,10.0.2.73,00:00:00:00:0583
WORKSTATION584,Offline,RHEL 6,10.0.2.74,00:00:00:00:0584
WORKSTATION585,Online,RHEL 6,10.0.2.75,00:00:00:00:0585
WORKSTATION586,Offline,RHEL 6,10.0.2.76,00:00:00:00:0586
WORKSTATION587,Online,RHEL 6,10.0.2.77,00:00:00:00:0587
WORKSTATION588,Offline,RHEL 6,10.0.2.78,00:00:00:00:0588
WORKSTATION589,Online,RHEL 6,10.0.2.79,00:00:00:00:0589
WORKSTATION590,Offline,RHEL 6,10.0.2.80,00:00:00:00:0590
WORKSTATION591,Online,RHEL 6,10.0.2.81,00:00:00:00:0591
WORKSTATION592,Offline,RHEL 6,10.0.2.82,00:00:00:00:0592
WORKSTATION593,Online,RHEL 6,10.0.2.83,00:00:00:00:0593
WORKSTATION594,Offline,RHEL 6,10.0.2.84,00:00:00:00:0594
WORKSTATION595,Online,RHEL 6,10.0.2.85,00:00:00:00:0595
WORKSTATION596,Offline,RHEL 6,10.0.2.86,00:00:00:00:0596
WORKSTATION597,Online,RHEL 6,10.0.2.87,00:00:00:00:0597
WORKSTATION598,Offline,RHEL 6,10.0.2.88,00:00:00:00:0598
WORKSTATION599,Online,RHEL 6,10.0.2.89,00:00:00:00:0599
WORKSTATION600,Offline,RHEL 7,10.0.2.90,00:00:00:00:0600
WORKSTATION601,Online,RHEL 7,10.0.2.91,00:00:00:00:0601
WORKSTATION602,Offline,RHEL 7,10.0.2.92,00:00:00:00:0602
WORKSTATION603,Online,RHEL 7,10.0.2.93,00:00:00:00:0603
WORKSTATION604,Offline,RHEL 7,10.0.2.94,00:00:00:00:0604
WORKSTATION605,Online,RHEL 7,10.0.2.95,00:00:00:00:0605
WORKSTATION606,Offline,RHEL 7,10.0.2.96,00:00:00:00:0606
WORKSTATION607,Online,RHEL 7,10.0.2.97,00:00:00:00:0607
WORKSTATION608,Offline,RHEL 7,10.0.2.98,00:00:00:00:0608
WORKSTATION609,Online,RHEL 7,10.0.2.99,00:00:00:00:0609
WORKSTATION610,Offline,RHEL 7,10.0.2.100,00:00:00:00:0610
WORKSTATION611,Online,RHEL 7,10.0.2.101,00:00:00:00:0611
WORKSTATION612,Offline,RHEL 7,10.0.2.102,00:00:00:00:0612
WORKSTATION613,Online,RHEL 7,10.0.2.103,00:00:00:00:0613
WORKSTATION614,Offline,RHEL 7,10.0.2.104,00:00:00:00:0614
WORKSTATION615,Online,RHEL 7,10.0.2.105,00:00:00:00:0615
WORKSTATION616,Offline,RHEL 7,10.0.2.106,00:00:00:00:0616
WORKSTATION617,Online,RHEL 7,10.0.2.107,00:00:00:00:0617
WORKSTATION618,Offline,RHEL 7,10.0.2.108,00:00:00:00:0618
WORKSTATION619,Online,RHEL 7,10.0.2.109,00:00:00:00:0619
WORKSTATION620,Offline,RHEL 7,10.0.2.110,00:00:00:00:0620
WORKSTATION621,Online,RHEL 7,10.0.2.111,00:00:00:00:0621
WORKSTATION622,Offline,RHEL 7,10.0.2.112,00:00:00:00:0622
WORKSTATION623,Online,RHEL 7,10.0.2.113,00:00:00:00:0623
WORKSTATION624,Offline,RHEL 7,10.0.2.114,00:00:00:00:0624
WORKSTATION625,Online,RHEL 7,10.0.2.115,00:00:00:00:0625
WORKSTATION626,Offline,RHEL 7,10.0.2.116,00:00:00:00:0626
WORKSTATION627,Online,RHEL 7,10.0.2.117,00:00:00:00:0627
WORKSTATION628,Offline,RHEL 7,10.0.2.118,00:00:00:00:0628
WORKSTATION629,Online,RHEL 7,10.0.2.119,00:00:00:00:0629
WORKSTATION630,Offline,RHEL 7,10.0.2.120,00:00:00:00:0630
WORKSTATION631,Online,RHEL 7,10.0.2.121,00:00:00:00:0631
WORKSTATION632,Offline,RHEL 7,10.0.2.122,00:00:00:00:0632
WORKSTATION633,Online,RHEL 7,10.0.2.123,00:00:00:00:0633
WORKSTATION634,Offline,RHEL 7,10.0.2.124,00:00:00:00:0634
WORKSTATION635,Online,RHEL 7,10.0.2.125,00:00:00:00:0635
WORKSTATION636,Offline,RHEL 7,10.0.2.126,00:00:00:00:0636
WORKSTATION637,Online,RHEL 7,10.0.2.127,00:00:00:00:0637
WORKSTATION638,Offline,RHEL 7,10.0.2.128,00:00:00:00:0638
WORKSTATION639,Online,RHEL 7,10.0.2.129,00:00:00:00:0639
WORKSTATION640,Offline,RHEL 7,10.0.2.130,00:00:00:00:0640
WORKSTATION641,Online,RHEL 7,10.0.2.131,00:00:00:00:0641
WORKSTATION642,Offline,RHEL 7,10.0.2.132,00:00:00:00:0642
WORKSTATION643,Online,RHEL 7,10.0.2.133,00:00:00:00:0643
WORKSTATION644,Offline,RHEL 7,10.0.2.134,00:00:00:00:0644
WORKSTATION645,Online,RHEL 7,10.0.2.135,00:00:00:00:0645
WORKSTATION646,Offline,RHEL 7,10.0.2.136,00:00:00:00:0646
WORKSTATION647,Online,RHEL 7,10.0.2.137,00:00:00:00:0647
WORKSTATION648,Offline,RHEL 7,10.0.2.138,00:00:00:00:0648
WORKSTATION649,Online,RHEL 7,10.0.2.139,00:00:00:00:0649
WORKSTATION650,Offline,RHEL 7,10.0.2.140,00:00:00:00:0650
WORKSTATION651,Online,RHEL 7,10.0.2.141,00:00:00:00:0651
WORKSTATION652,Offline,RHEL 7,10.0.2.142,00:00:00:00:0652
WORKSTATION653,Online,RHEL 7,10.0.2.143,00:00:00:00:0653
WORKSTATION654,Offline,RHEL 7,10.0.2.144,00:00:00:00:0654
WORKSTATION655,Online,RHEL 7,10.0.2.145,00:00:00:00:0655
WORKSTATION656,Offline,RHEL 7,10.0.2.146,00:00:00:00:0656
WORKSTATION657,Online,RHEL 7,10.0.2.147,00:00:00:00:0657
WORKSTATION658,Offline,RHEL 7,10.0.2.148,00:00:00:00:0658
WORKSTATION659,Online,RHEL 7,10.0.2.149,00:00:00:00:0659
WORKSTATION660,Offline,RHEL 7,10.0.2.150,00:00:00:00:0660
WORKSTATION661,Online,RHEL 7,10.0.2.151,00:00:00:00:0661
WORKSTATION662,Offline,RHEL 7,10.0.2.152,00:00:00:00:0662
WORKSTATION663,Online,RHEL 7,10.0.2.153,00:00:00:00:0663
WORKSTATION664,Offline,RHEL 7,10.0.2.154,00:00:00:00:0664
WORKSTATION665,Online,RHEL 7,10.0.2.155,00:00:00:00:0665
WORKSTATION666,Offline,RHEL 7,10.0.2.156,00:00:00:00:0666
WORKSTATION667,Online,RHEL 7,10.0.2.157,00:00:00:00:0667
WORKSTATION668,Offline,RHEL 7,10.0.2.158,00:00:00:00:0668
WORKSTATION669,Online,RHEL 7,10.0.2.159,00:00:00:00:0669
WORKSTATION670,Offline,RHEL 7,10.0.2.160,00:00:00:00:0670
WORKSTATION671,Online,RHEL 7,10.0.2.161,00:00:00:00:0671
WORKSTATION672,Offline,RHEL 7,10.0.2.162,00:00:00:00:0672
WORKSTATION673,Online,RHEL 7,10.0.2.163,00:00:00:00:0673
WORKSTATION674,Offline,RHEL 7,10.0.2.164,00:00:00:00:0674
WORKSTATION675,Online,RHEL 7,10.0.2.165,00:00:00:00:0675
WORKSTATION676,Offline,RHEL 7,10.0.2.166,00:00:00:00:0676
WORKSTATION677,Online,RHEL 7,10.0.2.167,00:00:00:00:0677
WORKSTATION678,Offline,RHEL 7,10.0.2.168,00:00:00:00:0678
WORKSTATION679,Online,RHEL 7,10.0.2.169,00:00:00:00:0679
WORKSTATION680,Offline,RHEL 7,10.0.2.170,00:00:00:00:0680
WORKSTATION681,Online,RHEL 7,10.0.2.171,00:00:00:00:0681
WORKSTATION682,Offline,RHEL 7,10.0.2.172,00:00:00:00:0682
WORKSTATION683,Online,RHEL 7,10.0.2.173,00:00:00:00:0683
WORKSTATION684,Offline,RHEL 7,10.0.2.174,00:00:00:00:0684
WORKSTATION685,Online,RHEL 7,10.0.2.175,00:00:00:00:0685
WORKSTATION686,Offline,RHEL 7,10.0.2.176,00:00:00:00:0686
WORKSTATION687,Online,RHEL 7,10.0.2.177,00:00:00:00:0687
WORKSTATION688,Offline,RHEL 7,10.0.2.178,00:00:00:00:0688
WORKSTATION689,Online,RHEL 7,10.0.2.179,00:00:00:00:0689
WORKSTATION690,Offline,RHEL 7,10.0.2.180,00:00:00:00:0690
WORKSTATION691,Online,RHEL 7,10.0.2.181,00:00:00:00:0691
WORKSTATION692,Offline,RHEL 7,10.0.2.182,00:00:00:00:0692
WORKSTATION693,Online,RHEL 7,10.0.2.183,00:00:00:00:0693
WORKSTATION694,Offline,RHEL 7,10.0.2.184,00:00:00:00:0694
WORKSTATION695,Online,RHEL 7,10.0.2.185,00:00:00:00:0695
WORKSTATION696,Offline,RHEL 7,10.0.2.186,00:00:00:00:0696
WORKSTATION697,Online,RHEL 7,10.0.2.187,00:00:00:00:0697
WORKSTATION698,Offline,RHEL 7,10.0.2.188,00:00:00:00:0698
WORKSTATION699,Online,RHEL 7,10.0.2.189,00:00:00:00:0699
WORKSTATION700,Offline,Windows Server 2008,10.0.2.190,00:00:00:00:0700
WORKSTATION701,Online,Windows Server 2008,10.0.2.191,00:00:00:00:0701
WORKSTATION702,Offline,Windows Server 2008,10.0.2.192,00:00:00:00:0702
WORKSTATION703,Online,Windows Server 2008,10.0.2.193,00:00:00:00:0703
WORKSTATION704,Offline,Windows Server 2008,10.0.2.194,00:00:00:00:0704
WORKSTATION705,Online,Windows Server 2008,10.0.2.195,00:00:00:00:0705
WORKSTATION706,Offline,Windows Server 2008,10.0.2.196,00:00:00:00:0706
WORKSTATION707,Online,Windows Server 2008,10.0.2.197,00:00:00:00:0707
WORKSTATION708,Offline,Windows Server 2008,10.0.2.198,00:00:00:00:0708
WORKSTATION709,Online,Windows Server 2008,10.0.2.199,00:00:00:00:0709
WORKSTATION710,Offline,Windows Server 2008,10.0.2.200,00:00:00:00:0710
WORKSTATION711,Online,Windows Server 2008,10.0.2.201,00:00:00:00:0711
WORKSTATION712,Offline,Windows Server 2008,10.0.2.202,00:00:00:00:0712
WORKSTATION713,Online,Windows Server 2008,10.0.2.203,00:00:00:00:0713
WORKSTATION714,Offline,Windows Server 2008,10.0.2.204,00:00:00:00:0714
WORKSTATION715,Online,Windows Server 2008,10.0.2.205,00:00:00:00:0715
WORKSTATION716,Offline,Windows Server 2008,10.0.2.206,00:00:00:00:0716
WORKSTATION717,Online,Windows Server 2008,10.0.2.207,00:00:00:00:0717
WORKSTATION718,Offline,Windows Server 2008,10.0.2.208,00:00:00:00:0718
WORKSTATION719,Online,Windows Server 2008,10.0.2.209,00:00:00:00:0719
WORKSTATION720,Offline,Windows Server 2008,10.0.2.210,00:00:00:00:0720
WORKSTATION721,Online,Windows Server 2008,10.0.2.211,00:00:00:00:0721
WORKSTATION722,Offline,Windows Server 2008,10.0.2.212,00:00:00:00:0722
WORKSTATION723,Online,Windows Server 2008,10.0.2.213,00:00:00:00:0723
WORKSTATION724,Offline,Windows Server 2008,10.0.2.214,00:00:00:00:0724
WORKSTATION725,Online,Windows Server 2008,10.0.2.215,00:00:00:00:0725
WORKSTATION726,Offline,Windows Server 2008,10.0.2.216,00:00:00:00:0726
WORKSTATION727,Online,Windows Server 2008,10.0.2.217,00:00:00:00:0727
WORKSTATION728,Offline,Windows Server 2008,10.0.2.218,00:00:00:00:0728
WORKSTATION729,Online,Windows Server 2008,10.0.2.219,00:00:00:00:0729
WORKSTATION730,Offline,Windows Server 2008,10.0.2.220,00:00:00:00:0730
WORKSTATION731,Online,Windows Server 2008,10.0.2.221,00:00:00:00:0731
WORKSTATION732,Offline,Windows Server 2008,10.0.2.222,00:00:00:00:0732
WORKSTATION733,Online,Windows Server 2008,10.0.2.223,00:00:00:00:0733
WORKSTATION734,Offline,Windows Server 2008,10.0.2.224,00:00:00:00:0734
WORKSTATION735,Online,Windows Server 2008,10.0.2.225,00:00:00:00:0735
WORKSTATION736,Offline,Windows Server 2008,10.0.2.226,00:00:00:00:0736
WORKSTATION737,Online,Windows Server 2008,10.0.2.227,00:00:00:00:0737
WORKSTATION738,Offline,Windows Server 2008,10.0.2.228,00:00:00:00:0738
WORKSTATION739,Online,Windows Server 2008,10.0.2.229,00:00:00:00:0739
WORKSTATION740,Offline,Windows Server 2008,10.0.2.230,00:00:00:00:0740
WORKSTATION741,Online,Windows Server 2008,10.0.2.231,00:00:00:00:0741
WORKSTATION742,Offline,Windows Server 2008,10.0.2.232,00:00:00:00:0742
WORKSTATION743,Online,Windows Server 2008,10.0.2.233,00:00:00:00:0743
WORKSTATION744,Offline,Windows Server 2008,10.0.2.234,00:00:00:00:0744
WORKSTATION745,Online,Windows Server 2008,10.0.2.235,00:00:00:00:0745
WORKSTATION746,Offline,Windows Server 2008,10.0.2.236,00:00:00:00:0746
WORKSTATION747,Online,Windows Server 2008,10.0.2.237,00:00:00:00:0747
WORKSTATION748,Offline,Windows Server 2008,10.0.2.238,00:00:00:00:0748
WORKSTATION749,Online,Windows Server 2008,10.0.2.239,00:00:00:00:0749
WORKSTATION750,Offline,Windows Server 2008,10.0.2.240,00:00:00:00:0750
WORKSTATION751,Online,Windows Server 2008,10.0.2.241,00:00:00:00:0751
WORKSTATION752,Offline,Windows Server 2008,10.0.2.242,00:00:00:00:0752
WORKSTATION753,Online,Windows Server 2008,10.0.2.243,00:00:00:00:0753
WORKSTATION754,Offline,Windows Server 2008,10.0.2.244,00:00:00:00:0754
WORKSTATION755,Online,Windows Server 2008,10.0.2.245,00:00:00:00:0755
WORKSTATION756,Offline,Windows Server 2008,10.0.2.246,00:00:00:00:0756
WORKSTATION757,Online,Windows Server 2008,10.0.2.247,00:00:00:00:0757
WORKSTATION758,Offline,Windows Server 2008,10.0.2.248,00:00:00:00:0758
WORKSTATION759,Online,Windows Server 2008,10.0.2.249,00:00:00:00:0759
WORKSTATION760,Offline,Windows Server 2008,10.0.2.250,00:00:00:00:0760
WORKSTATION761,Online,Windows Server 2008,10.0.2.251,00:00:00:00:0761
WORKSTATION762,Offline,Windows Server 2008,10.0.2.252,00:00:00:00:0762
WORKSTATION763,Online,Windows Server 2008,10.0.2.253,00:00:00:00:0763
WORKSTATION764,Offline,Windows Server 2008,10.0.2.254,00:00:00:00:0764
WORKSTATION765,Online,Windows Server 2008,10.0.2.255,00:00:00:00:0765
WORKSTATION766,Offline,Windows Server 2008,10.0.3.1,00:00:00:00:0766
WORKSTATION767,Online,Windows Server 2008,10.0.3.2,00:00:00:00:0767
WORKSTATION768,Offline,Windows Server 2008,10.0.3.3,00:00:00:00:0768
WORKSTATION769,Online,Windows Server 2008,10.0.3.4,00:00:00:00:0769
WORKSTATION770,Offline,Windows Server 2008,10.0.3.5,00:00:00:00:0770
WORKSTATION771,Online,Windows Server 2008,10.0.3.6,00:00:00:00:0771
WORKSTATION772,Offline,Windows Server 2008,10.0.3.7,00:00:00:00:0772
WORKSTATION773,Online,Windows Server 2008,10.0.3.8,00:00:00:00:0773
WORKSTATION774,Offline,Windows Server 2008,10.0.3.9,00:00:00:00:0774
WORKSTATION775,Online,Windows Server 2008,10.0.3.10,00:00:00:00:0775
WORKSTATION776,Offline,Windows Server 2008,10.0.3.11,00:00:00:00:0776
WORKSTATION777,Online,Windows Server 2008,10.0.3.12,00:00:00:00:0777
WORKSTATION778,Offline,Windows Server 2008,10.0.3.13,00:00:00:00:0778
WORKSTATION779,Online,Windows Server 2008,10.0.3.14,00:00:00:00:0779
WORKSTATION780,Offline,Windows Server 2008,10.0.3.15,00:00:00:00:0780
WORKSTATION781,Online,Windows Server 2008,10.0.3.16,00:00:00:00:0781
WORKSTATION782,Offline,Windows Server 2008,10.0.3.17,00:00:00:00:0782
WORKSTATION783,Online,Windows Server 2008,10.0.3.18,00:00:00:00:0783
WORKSTATION784,Offline,Windows Server 2008,10.0.3.19,00:00:00:00:0784
WORKSTATION785,Online,Windows Server 2008,10.0.3.20,00:00:00:00:0785
WORKSTATION786,Offline,Windows Server 2008,10.0.3.21,00:00:00:00:0786
WORKSTATION787,Online,Windows Server 2008,10.0.3.22,00:00:00:00:0787
WORKSTATION788,Offline,Windows Server 2008,10.0.3.23,00:00:00:00:0788
WORKSTATION789,Online,Windows Server 2008,10.0.3.24,00:00:00:00:0789
WORKSTATION790,Offline,Windows Server 2008,10.0.3.25,00:00:00:00:0790
WORKSTATION791,Online,Windows Server 2008,10.0.3.26,00:00:00:00:0791
WORKSTATION792,Offline,Windows Server 2008,10.0.3.27,00:00:00:00:0792
WORKSTATION793,Online,Windows Server 2008,10.0.3.28,00:00:00:00:0793
WORKSTATION794,Offline,Windows Server 2008,10.0.3.29,00:00:00:00:0794
WORKSTATION795,Online,Windows Server 2008,10.0.3.30,00:00:00:00:0795
WORKSTATION796,Offline,Windows Server 2008,10.0.3.31,00:00:00:00:0796
WORKSTATION797,Online,Windows Server 2008,10.0.3.32,00:00:00:00:0797
WORKSTATION798,Offline,Windows Server 2008,10.0.3.33,00:00:00:00:0798
WORKSTATION799,Online,Windows Server 2008,10.0.3.34,00:00:00:00:0799
WORKSTATION800,Offline,Windows Server 2012,10.0.3.35,00:00:00:00:0800
WORKSTATION801,Online,Windows Server 2012,10.0.3.36,00:00:00:00:0801
WORKSTATION802,Offline,Windows Server 2012,10.0.3.37,00:00:00:00:0802
WORKSTATION803,Online,Windows Server 2012,10.0.3.38,00:00:00:00:0803
WORKSTATION804,Offline,Windows Server 2012,10.0.3.39,00:00:00:00:0804
WORKSTATION805,Online,Windows Server 2012,10.0.3.40,00:00:00:00:0805
WORKSTATION806,Offline,Windows Server 2012,10.0.3.41,00:00:00:00:0806
WORKSTATION807,Online,Windows Server 2012,10.0.3.42,00:00:00:00:0807
WORKSTATION808,Offline,Windows Server 2012,10.0.3.43,00:00:00:00:0808
WORKSTATION809,Online,Windows Server 2012,10.0.3.44,00:00:00:00:0809
WORKSTATION810,Offline,Windows Server 2012,10.0.3.45,00:00:00:00:0810
WORKSTATION811,Online,Windows Server 2012,10.0.3.46,00:00:00:00:0811
WORKSTATION812,Offline,Windows Server 2012,10.0.3.47,00:00:00:00:0812
WORKSTATION813,Online,Windows Server 2012,10.0.3.48,00:00:00:00:0813
WORKSTATION814,Offline,Windows Server 2012,10.0.3.49,00:00:00:00:0814
WORKSTATION815,Online,Windows Server 2012,10.0.3.50,00:00:00:00:0815
WORKSTATION816,Offline,Windows Server 2012,10.0.3.51,00:00:00:00:0816
WORKSTATION817,Online,Windows Server 2012,10.0.3.52,00:00:00:00:0817
WORKSTATION818,Offline,Windows Server 2012,10.0.3.53,00:00:00:00:0818
WORKSTATION819,Online,Windows Server 2012,10.0.3.54,00:00:00:00:0819
WORKSTATION820,Offline,Windows Server 2012,10.0.3.55,00:00:00:00:0820
WORKSTATION821,Online,Windows Server 2012,10.0.3.56,00:00:00:00:0821
WORKSTATION822,Offline,Windows Server 2012,10.0.3.57,00:00:00:00:0822
WORKSTATION823,Online,Windows Server 2012,10.0.3.58,00:00:00:00:0823
WORKSTATION824,Offline,Windows Server 2012,10.0.3.59,00:00:00:00:0824
WORKSTATION825,Online,Windows Server 2012,10.0.3.60,00:00:00:00:0825
WORKSTATION826,Offline,Windows Server 2012,10.0.3.61,00:00:00:00:0826
WORKSTATION827,Online,Windows Server 2012,10.0.3.62,00:00:00:00:0827
WORKSTATION828,Offline,Windows Server 2012,10.0.3.63,00:00:00:00:0828
WORKSTATION829,Online,Windows Server 2012,10.0.3.64,00:00:00:00:0829
WORKSTATION830,Offline,Windows Server 2012,10.0.3.65,00:00:00:00:0830
WORKSTATION831,Online,Windows Server 2012,10.0.3.66,00:00:00:00:0831
WORKSTATION832,Offline,Windows Server 2012,10.0.3.67,00:00:00:00:0832
WORKSTATION833,Online,Windows Server 2012,10.0.3.68,00:00:00:00:0833
WORKSTATION834,Offline,Windows Server 2012,10.0.3.69,00:00:00:00:0834
WORKSTATION835,Online,Windows Server 2012,10.0.3.70,00:00:00:00:0835
WORKSTATION836,Offline,Windows Server 2012,10.0.3.71,00:00:00:00:0836
WORKSTATION837,Online,Windows Server 2012,10.0.3.72,00:00:00:00:0837
WORKSTATION838,Offline,Windows Server 2012,10.0.3.73,00:00:00:00:0838
WORKSTATION839,Online,Windows Server 2012,10.0.3.74,00:00:00:00:0839
WORKSTATION840,Offline,Windows Server 2012,10.0.3.75,00:00:00:00:0840
WORKSTATION841,Online,Windows Server 2012,10.0.3.76,00:00:00:00:0841
WORKSTATION842,Offline,Windows Server 2012,10.0.3.77,00:00:00:00:0842
WORKSTATION843,Online,Windows Server 2012,10.0.3.78,00:00:00:00:0843
WORKSTATION844,Offline,Windows Server 2012,10.0.3.79,00:00:00:00:0844
WORKSTATION845,Online,Windows Server 2012,10.0.3.80,00:00:00:00:0845
WORKSTATION846,Offline,Windows Server 2012,10.0.3.81,00:00:00:00:0846
WORKSTATION847,Online,Windows Server 2012,10.0.3.82,00:00:00:00:0847
WORKSTATION848,Offline,Windows Server 2012,10.0.3.83,00:00:00:00:0848
WORKSTATION849,Online,Windows Server 2012,10.0.3.84,00:00:00:00:0849
WORKSTATION850,Offline,Windows Server 2012,10.0.3.85,00:00:00:00:0850
WORKSTATION851,Online,Windows Server 2012,10.0.3.86,00:00:00:00:0851
WORKSTATION852,Offline,Windows Server 2012,10.0.3.87,00:00:00:00:0852
WORKSTATION853,Online,Windows Server 2012,10.0.3.88,00:00:00:00:0853
WORKSTATION854,Offline,Windows Server 2012,10.0.3.89,00:00:00:00:0854
WORKSTATION855,Online,Windows Server 2012,10.0.3.90,00:00:00:00:0855
WORKSTATION856,Offline,Windows Server 2012,10.0.3.91,00:00:00:00:0856
WORKSTATION857,Online,Windows Server 2012,10.0.3.92,00:00:00:00:0857
WORKSTATION858,Offline,Windows Server 2012,10.0.3.93,00:00:00:00:0858
WORKSTATION859,Online,Windows Server 2012,10.0.3.94,00:00:00:00:0859
WORKSTATION860,Offline,Windows Server 2012,10.0.3.95,00:00:00:00:0860
WORKSTATION861,Online,Windows Server 2012,10.0.3.96,00:00:00:00:0861
WORKSTATION862,Offline,Windows Server 2012,10.0.3.97,00:00:00:00:0862
WORKSTATION863,Online,Windows Server 2012,10.0.3.98,00:00:00:00:0863
WORKSTATION864,Offline,Windows Server 2012,10.0.3.99,00:00:00:00:0864
WORKSTATION865,Online,Windows Server 2012,10.0.3.100,00:00:00:00:0865
WORKSTATION866,Offline,Windows Server 2012,10.0.3.101,00:00:00:00:0866
WORKSTATION867,Online,Windows Server 2012,10.0.3.102,00:00:00:00:0867
WORKSTATION868,Offline,Windows Server 2012,10.0.3.103,00:00:00:00:0868
WORKSTATION869,Online,Windows Server 2012,10.0.3.104,00:00:00:00:0869
WORKSTATION870,Offline,Windows Server 2012,10.0.3.105,00:00:00:00:0870
WORKSTATION871,Online,Windows Server 2012,10.0.3.106,00:00:00:00:0871
WORKSTATION872,Offline,Windows Server 2012,10.0.3.107,00:00:00:00:0872
WORKSTATION873,Online,Windows Server 2012,10.0.3.108,00:00:00:00:0873
WORKSTATION874,Offline,Windows Server 2012,10.0.3.109,00:00:00:00:0874
WORKSTATION875,Online,Windows Server 2012,10.0.3.110,00:00:00:00:0875
WORKSTATION876,Offline,Windows Server 2012,10.0.3.111,00:00:00:00:0876
WORKSTATION877,Online,Windows Server 2012,10.0.3.112,00:00:00:00:0877
WORKSTATION878,Offline,Windows Server 2012,10.0.3.113,00:00:00:00:0878
WORKSTATION879,Online,Windows Server 2012,10.0.3.114,00:00:00:00:0879
WORKSTATION880,Offline,Windows Server 2012,10.0.3.115,00:00:00:00:0880
WORKSTATION881,Online,Windows Server 2012,10.0.3.116,00:00:00:00:0881
WORKSTATION882,Offline,Windows Server 2012,10.0.3.117,00:00:00:00:0882
WORKSTATION883,Online,Windows Server 2012,10.0.3.118,00:00:00:00:0883
WORKSTATION884,Offline,Windows Server 2012,10.0.3.119,00:00:00:00:0884
WORKSTATION885,Online,Windows Server 2012,10.0.3.120,00:00:00:00:0885
WORKSTATION886,Offline,Windows Server 2012,10.0.3.121,00:00:00:00:0886
WORKSTATION887,Online,Windows Server 2012,10.0.3.122,00:00:00:00:0887
WORKSTATION888,Offline,Windows Server 2012,10.0.3.123,00:00:00:00:0888
WORKSTATION889,Online,Windows Server 2012,10.0.3.124,00:00:00:00:0889
WORKSTATION890,Offline,Windows Server 2012,10.0.3.125,00:00:00:00:0890
WORKSTATION891,Online,Windows Server 2012,10.0.3.126,00:00:00:00:0891
WORKSTATION892,Offline,Windows Server 2012,10.0.3.127,00:00:00:00:0892
WORKSTATION893,Online,Windows Server 2012,10.0.3.128,00:00:00:00:0893
WORKSTATION894,Offline,Windows Server 2012,10.0.3.129,00:00:00:00:0894
WORKSTATION895,Online,Windows Server 2012,10.0.3.130,00:00:00:00:0895
WORKSTATION896,Offline,Windows Server 2012,10.0.3.131,00:00:00:00:0896
WORKSTATION897,Online,Windows Server 2012,10.0.3.132,00:00:00:00:0897
WORKSTATION898,Offline,Windows Server 2012,10.0.3.133,00:00:00:00:0898
WORKSTATION899,Online,Windows Server 2012,10.0.3.134,00:00:00:00:0899
WORKSTATION900,Offline,Windows Server 2016,10.0.3.135,00:00:00:00:0900
WORKSTATION901,Online,Windows Server 2016,10.0.3.136,00:00:00:00:0901
WORKSTATION902,Offline,Windows Server 2016,10.0.3.137,00:00:00:00:0902
WORKSTATION903,Online,Windows Server 2016,10.0.3.138,00:00:00:00:0903
WORKSTATION904,Offline,Windows Server 2016,10.0.3.139,00:00:00:00:0904
WORKSTATION905,Online,Windows Server 2016,10.0.3.140,00:00:00:00:0905
WORKSTATION906,Offline,Windows Server 2016,10.0.3.141,00:00:00:00:0906
WORKSTATION907,Online,Windows Server 2016,10.0.3.142,00:00:00:00:0907
WORKSTATION908,Offline,Windows Server 2016,10.0.3.143,00:00:00:00:0908
WORKSTATION909,Online,Windows Server 2016,10.0.3.144,00:00:00:00:0909
WORKSTATION910,Offline,Windows Server 2016,10.0.3.145,00:00:00:00:0910
WORKSTATION911,Online,Windows Server 2016,10.0.3.146,00:00:00:00:0911
WORKSTATION912,Offline,Windows Server 2016,10.0.3.147,00:00:00:00:0912
WORKSTATION913,Online,Windows Server 2016,10.0.3.148,00:00:00:00:0913
WORKSTATION914,Offline,Windows Server 2016,10.0.3.149,00:00:00:00:0914
WORKSTATION915,Online,Windows Server 2016,10.0.3.150,00:00:00:00:0915
WORKSTATION916,Offline,Windows Server 2016,10.0.3.151,00:00:00:00:0916
WORKSTATION917,Online,Windows Server 2016,10.0.3.152,00:00:00:00:0917
WORKSTATION918,Offline,Windows Server 2016,10.0.3.153,00:00:00:00:0918
WORKSTATION919,Online,Windows Server 2016,10.0.3.154,00:00:00:00:0919
WORKSTATION920,Offline,Windows Server 2016,10.0.3.155,00:00:00:00:0920
WORKSTATION921,Online,Windows Server 2016,10.0.3.156,00:00:00:00:0921
WORKSTATION922,Offline,Windows Server 2016,10.0.3.157,00:00:00:00:0922
WORKSTATION923,Online,Windows Server 2016,10.0.3.158,00:00:00:00:0923
WORKSTATION924,Offline,Windows Server 2016,10.0.3.159,00:00:00:00:0924
WORKSTATION925,Online,Windows Server 2016,10.0.3.160,00:00:00:00:0925
WORKSTATION926,Offline,Windows Server 2016,10.0.3.161,00:00:00:00:0926
WORKSTATION927,Online,Windows Server 2016,10.0.3.162,00:00:00:00:0927
WORKSTATION928,Offline,Windows Server 2016,10.0.3.163,00:00:00:00:0928
WORKSTATION929,Online,Windows Server 2016,10.0.3.164,00:00:00:00:0929
WORKSTATION930,Offline,Windows Server 2016,10.0.3.165,00:00:00:00:0930
WORKSTATION931,Online,Windows Server 2016,10.0.3.166,00:00:00:00:0931
WORKSTATION932,Offline,Windows Server 2016,10.0.3.167,00:00:00:00:0932
WORKSTATION933,Online,Windows Server 2016,10.0.3.168,00:00:00:00:0933
WORKSTATION934,Offline,Windows Server 2016,10.0.3.169,00:00:00:00:0934
WORKSTATION935,Online,Windows Server 2016,10.0.3.170,00:00:00:00:0935
WORKSTATION936,Offline,Windows Server 2016,10.0.3.171,00:00:00:00:0936
WORKSTATION937,Online,Windows Server 2016,10.0.3.172,00:00:00:00:0937
WORKSTATION938,Offline,Windows Server 2016,10.0.3.173,00:00:00:00:0938
WORKSTATION939,Online,Windows Server 2016,10.0.3.174,00:00:00:00:0939
WORKSTATION940,Offline,Windows Server 2016,10.0.3.175,00:00:00:00:0940
WORKSTATION941,Online,Windows Server 2016,10.0.3.176,00:00:00:00:0941
WORKSTATION942,Offline,Windows Server 2016,10.0.3.177,00:00:00:00:0942
WORKSTATION943,Online,Windows Server 2016,10.0.3.178,00:00:00:00:0943
WORKSTATION944,Offline,Windows Server 2016,10.0.3.179,00:00:00:00:0944
WORKSTATION945,Online,Windows Server 2016,10.0.3.180,00:00:00:00:0945
WORKSTATION946,Offline,Windows Server 2016,10.0.3.181,00:00:00:00:0946
WORKSTATION947,Online,Windows Server 2016,10.0.3.182,00:00:00:00:0947
WORKSTATION948,Offline,Windows Server 2016,10.0.3.183,00:00:00:00:0948
WORKSTATION949,Online,Windows Server 2016,10.0.3.184,00:00:00:00:0949
WORKSTATION950,Offline,Windows Server 2016,10.0.3.185,00:00:00:00:0950
WORKSTATION951,Online,Windows Server 2016,10.0.3.186,00:00:00:00:0951
WORKSTATION952,Offline,Windows Server 2016,10.0.3.187,00:00:00:00:0952
WORKSTATION953,Online,Windows Server 2016,10.0.3.188,00:00:00:00:0953
WORKSTATION954,Offline,Windows Server 2016,10.0.3.189,00:00:00:00:0954
WORKSTATION955,Online,Windows Server 2016,10.0.3.190,00:00:00:00:0955
WORKSTATION956,Offline,Windows Server 2016,10.0.3.191,00:00:00:00:0956
WORKSTATION957,Online,Windows Server 2016,10.0.3.192,00:00:00:00:0957
WORKSTATION958,Offline,Windows Server 2016,10.0.3.193,00:00:00:00:0958
WORKSTATION959,Online,Windows Server 2016,10.0.3.194,00:00:00:00:0959
WORKSTATION960,Offline,Windows Server 2016,10.0.3.195,00:00:00:00:0960
WORKSTATION961,Online,Windows Server 2016,10.0.3.196,00:00:00:00:0961
WORKSTATION962,Offline,Windows Server 2016,10.0.3.197,00:00:00:00:0962
WORKSTATION963,Online,Windows Server 2016,10.0.3.198,00:00:00:00:0963
WORKSTATION964,Offline,Windows Server 2016,10.0.3.199,00:00:00:00:0964
WORKSTATION965,Online,Windows Server 2016,10.0.3.200,00:00:00:00:0965
WORKSTATION966,Offline,Windows Server 2016,10.0.3.201,00:00:00:00:0966
WORKSTATION967,Online,Windows Server 2016,10.0.3.202,00:00:00:00:0967
WORKSTATION968,Offline,Windows Server 2016,10.0.3.203,00:00:00:00:0968
WORKSTATION969,Online,Windows Server 2016,10.0.3.204,00:00:00:00:0969
WORKSTATION970,Offline,Windows Server 2016,10.0.3.205,00:00:00:00:0970
WORKSTATION971,Online,Windows Server 2016,10.0.3.206,00:00:00:00:0971
WORKSTATION972,Offline,Windows Server 2016,10.0.3.207,00:00:00:00:0972
WORKSTATION973,Online,Windows Server 2016,10.0.3.208,00:00:00:00:0973
WORKSTATION974,Offline,Windows Server 2016,10.0.3.209,00:00:00:00:0974
WORKSTATION975,Online,Windows Server 2016,10.0.3.210,00:00:00:00:0975
WORKSTATION976,Offline,Windows Server 2016,10.0.3.211,00:00:00:00:0976
WORKSTATION977,Online,Windows Server 2016,10.0.3.212,00:00:00:00:0977
WORKSTATION978,Offline,Windows Server 2016,10.0.3.213,00:00:00:00:0978
WORKSTATION979,Online,Windows Server 2016,10.0.3.214,00:00:00:00:0979
WORKSTATION980,Offline,Windows Server 2016,10.0.3.215,00:00:00:00:0980
WORKSTATION981,Online,Windows Server 2016,10.0.3.216,00:00:00:00:0981
WORKSTATION982,Offline,Windows Server 2016,10.0.3.217,00:00:00:00:0982
WORKSTATION983,Online,Windows Server 2016,10.0.3.218,00:00:00:00:0983
WORKSTATION984,Offline,Windows Server 2016,10.0.3.219,00:00:00:00:0984
WORKSTATION985,Online,Windows Server 2016,10.0.3.220,00:00:00:00:0985
WORKSTATION986,Offline,Windows Server 2016,10.0.3.221,00:00:00:00:0986
WORKSTATION987,Online,Windows Server 2016,10.0.3.222,00:00:00:00:0987
WORKSTATION988,Offline,Windows Server 2016,10.0.3.223,00:00:00:00:0988
WORKSTATION989,Online,Windows Server 2016,10.0.3.224,00:00:00:00:0989
WORKSTATION990,Offline,Windows Server 2016,10.0.3.225,00:00:00:00:0990
WORKSTATION991,Online,Windows Server 2016,10.0.3.226,00:00:00:00:0991
WORKSTATION992,Offline,Windows Server 2016,10.0.3.227,00:00:00:00:0992
WORKSTATION993,Online,Windows Server 2016,10.0.3.228,00:00:00:00:0993
WORKSTATION994,Offline,Windows Server 2016,10.0.3.229,00:00:00:00:0994
WORKSTATION995,Online,Windows Server 2016,10.0.3.230,00:00:00:00:0995
WORKSTATION996,Offline,Windows Server 2016,10.0.3.231,00:00:00:00:0996
WORKSTATION997,Online,Windows Server 2016,10.0.3.232,00:00:00:00:0997
WORKSTATION998,Offline,Windows Server 2016,10.0.3.233,00:00:00:00:0998
WORKSTATION999,Online,Windows Server 2016,10.0.3.234,00:00:00:00:0999
WORKSTATION1000,Offline,Windows Server 2016,10.0.3.235,00:00:00:00:1000
